"","wait_time"
"1",21.6666666666667
"100",21.25
"199",9.5
"226",31.2222222222222
"235",44.6153846153846
"244",28.3636363636364
"253",25.3846153846154
"262",9.45454545454546
"271",10.5294117647059
"10",18.4117647058824
"19",10
"28",9.83333333333333
"37",15.1
"46",29.6923076923077
"55",36.875
"64",20
"73",8.8
"82",5
"91",8.33333333333333
"109",11.3846153846154
"118",17.2727272727273
"127",21.6666666666667
"136",10
"145",15.0833333333333
"154",9.35294117647059
"163",10.5
"172",11.1052631578947
"181",31.1111111111111
"190",23.3333333333333
"208",8.71428571428571
"217",15.1764705882353
"1015",9.9
"1114",12.5
"1207",15.625
"1216",27.6666666666667
"1225",18.8333333333333
"1234",10
"1243",7.5
"1260",8.14285714285714
"1024",18.5
"1033",25.8333333333333
"1042",15.7142857142857
"1051",21.6666666666667
"1060",15.7142857142857
"1069",30
"1078",32.25
"1087",41.6666666666667
"1096",35.5714285714286
"1105",26.5
"1123",57.7777777777778
"1132",29.3636363636364
"1141",46.6666666666667
"1150",20
"1159",8.22222222222222
"1168",35.4166666666667
"1177",11.6666666666667
"1186",8.75
"1195",26.8461538461538
"1204",11.4444444444444
"1269",15.8333333333333
"1361",12.7
"1450",23.3571428571429
"1475",18.6428571428571
"1484",37.5
"1493",48.3333333333333
"1502",42.8
"1511",18.3333333333333
"1520",45
"1278",30.8333333333333
"1295",34.5
"1304",51.5263157894737
"1313",62.5
"1321",45.625
"1329",35
"1337",22
"1345",26.6666666666667
"1353",20
"1370",50.4
"1378",33.3333333333333
"1386",22.5
"1394",32.5
"1402",35.4166666666667
"1410",28.7058823529412
"1418",40
"1426",59.2857142857143
"1434",40.5454545454545
"1442",37.8235294117647
"1459",42.5
"1467",30.125
"1529",32
"1617",28
"1705",45.3846153846154
"1721",31
"1729",40.5333333333333
"1737",30.9285714285714
"1745",53.3333333333333
"1753",14.9
"1761",31.6666666666667
"1537",48.2222222222222
"1545",28.3333333333333
"1553",25
"1561",44.2307692307692
"1569",29.5
"1577",25.6666666666667
"1585",23.75
"1593",27.2857142857143
"1601",35
"1609",43.1818181818182
"1625",37.125
"1633",13.5555555555556
"1641",24.8
"1649",26.5625
"1657",27.25
"1665",21.4285714285714
"1673",43.3333333333333
"1681",23
"1689",33
"1697",26.6428571428571
"1713",20
"1769",26.3333333333333
"1857",18.3333333333333
"1945",32.1052631578947
"1969",20.1818181818182
"1977",22.0909090909091
"1985",17.5
"1993",17.1428571428571
"2001",25
"2009",25.7692307692308
"1777",39.7058823529412
"1785",12
"1793",24.7777777777778
"1801",18.3333333333333
"1809",12.5
"1817",10
"1825",20.8333333333333
"1833",33.7058823529412
"1841",20.375
"1849",38.4545454545455
"1865",48.3333333333333
"1873",39.6923076923077
"1881",35.0833333333333
"1889",34.2222222222222
"1897",40.6470588235294
"1905",35.7894736842105
"1913",16.8
"1921",35.75
"1929",9.66666666666667
"1937",16.9285714285714
"1953",34.2222222222222
"1961",14.1333333333333
"2017",21.3333333333333
"2105",17.6
"2192",28.6190476190476
"2208",37
"2216",53.3333333333333
"2224",36.7777777777778
"2232",60
"2240",58.7142857142857
"2248",28.1
"2025",30.6666666666667
"2033",38.7
"2041",41.6666666666667
"2049",34.5
"2057",52.5
"2065",36.2222222222222
"2073",15
"2081",5
"2089",27.7
"2097",31
"2113",63.3333333333333
"2121",37.7142857142857
"2129",39.2727272727273
"2137",11.2727272727273
"2152",15.4
"2160",34
"2168",70
"2176",45.4545454545455
"2184",36.5714285714286
"2200",9.14285714285714
"2256",14.2666666666667
"2344",19
"2432",22.5454545454545
"2454",11.5
"2462",29.375
"2470",13.1764705882353
"2478",10.25
"2486",14.1666666666667
"2494",12.5
"2264",16.7777777777778
"2272",13.3
"2280",18.2142857142857
"2288",15.4166666666667
"2296",7.66666666666667
"2304",7.70588235294118
"2312",19.2105263157895
"2320",22.2
"2328",32.5
"2336",23.5384615384615
"2352",14.5789473684211
"2360",13.5
"2368",14.2857142857143
"2376",12.6
"2384",16.3333333333333
"2392",38.0833333333333
"2400",22.4117647058824
"2408",11.6923076923077
"2416",10
"2424",8.8
"2440",10.2
"2447",17.3333333333333
"2502",13
"2590",11.1818181818182
"2678",9.6
"2702",7.66666666666667
"2710",11
"2718",15.8947368421053
"2726",19
"2734",44.8620689655172
"2742",26.1935483870968
"2510",15.375
"2518",11.2857142857143
"2526",11.304347826087
"2534",11.9565217391304
"2542",15.5263157894737
"2550",25.59375
"2558",17.6666666666667
"2566",15
"2574",13
"2582",20.7297297297297
"2598",13.75
"2606",12
"2614",37.0833333333333
"2622",13.6363636363636
"2630",9.93333333333333
"2638",14.2210526315789
"2646",11.4333333333333
"2654",10.8
"2662",38.0348837209302
"2670",31.2061855670103
"2686",19.2771084337349
"2694",11.1666666666667
"2750",15.4615384615385
"2836",27.0357142857143
"2924",9.88888888888889
"2940",10.2115384615385
"2948",10.280701754386
"2956",11.530612244898
"2964",9.80357142857143
"2972",13.8387096774194
"2980",10
"2758",11.1194029850746
"2765",12.8545454545455
"2772",9.39344262295082
"2780",10.4716981132075
"2788",23.4042553191489
"2796",8.5
"2804",21.0909090909091
"2812",22.8
"2820",16
"2828",12.8333333333333
"2844",17
"2852",30
"2860",11.8333333333333
"2868",15.2857142857143
"2876",21.3333333333333
"2884",25.5
"2892",26.8181818181818
"2900",10.7857142857143
"2908",13.1111111111111
"2916",25.85
"2932",22.3333333333333
"280",8.25
"368",21.8571428571429
"456",16.875
"480",14.8
"488",37.75
"496",26.4705882352941
"504",30.2857142857143
"511",23
"519",24.25
"288",32.5
"296",15.7777777777778
"304",23
"312",25.1
"320",23.3333333333333
"328",17.5
"336",27.8
"344",21.695652173913
"352",16.3333333333333
"360",20.2727272727273
"376",21.0714285714286
"384",12.2727272727273
"392",14
"400",12.8181818181818
"408",10.3
"416",29.25
"424",15.5384615384615
"432",19.15
"440",19.25
"448",16.1111111111111
"464",19
"472",5
"527",10
"615",16.1666666666667
"703",25.9166666666667
"719",35
"727",17.3076923076923
"735",6.66666666666667
"743",41.4444444444444
"751",18.75
"759",10.9166666666667
"535",31
"543",28.9090909090909
"551",24.4166666666667
"559",21
"567",19.6875
"575",15.8571428571429
"583",21.4285714285714
"591",17.8
"599",26.5714285714286
"607",26.4
"623",26
"631",60
"639",34.15
"647",30.0833333333333
"655",26.2857142857143
"663",15.25
"671",15.125
"679",17.4285714285714
"687",19.4166666666667
"695",24.1428571428571
"711",18.5333333333333
"767",16.5
"855",17.25
"943",10.9230769230769
"967",11.8888888888889
"975",10
"983",11.6875
"991",11.3333333333333
"999",11.6
"1007",11.7272727272727
"775",9.2
"783",20.7142857142857
"791",9.75
"799",20.7647058823529
"807",20.125
"815",16.125
"823",22.0625
"831",8.57142857142857
"839",7.28571428571429
"847",12
"863",9.875
"871",17.5
"879",34.875
"887",41.6666666666667
"895",17.5
"903",18.0909090909091
"911",10.5555555555556
"919",22.2
"927",66.5
"935",3.5
"951",60.0909090909091
"959",21.6363636363636
"2",23.0833333333333
"101",32.7727272727273
"200",54.1666666666667
"227",26.2857142857143
"236",72.3333333333333
"245",13.05
"254",13.2727272727273
"263",15.8571428571429
"272",9.44444444444444
"11",6
"20",17.2666666666667
"29",11.1904761904762
"38",10
"47",10
"56",7.6
"65",10
"74",15.1666666666667
"83",15
"92",39.36
"110",49
"119",18.4285714285714
"128",14.2857142857143
"137",16.8333333333333
"146",13.2
"155",13
"164",25.5
"173",25
"182",10.9166666666667
"191",6.33333333333333
"209",13.0833333333333
"218",22
"1016",7.55555555555556
"1115",31.1111111111111
"1208",40.3777777777778
"1217",14.92
"1226",18.5135135135135
"1235",19.6808510638298
"1244",14.3333333333333
"1252",34.6111111111111
"1261",35.0227272727273
"1025",38.1578947368421
"1034",27.4745762711864
"1043",34.9347826086956
"1052",28.9423076923077
"1061",18.6170212765957
"1070",18.2045454545455
"1079",41.9649122807018
"1088",32.7380952380952
"1097",45.56
"1106",40.6976744186046
"1124",35.5777777777778
"1133",28.8809523809524
"1142",20.6216216216216
"1151",29.4081632653061
"1160",14.2857142857143
"1169",13.2727272727273
"1178",21.6666666666667
"1187",37.1276595744681
"1196",35.9523809523809
"1270",43.0181818181818
"1362",33.7708333333333
"1451",16.5869565217391
"1476",21.3571428571429
"1485",32.9032258064516
"1494",30.6382978723404
"1503",29.1904761904762
"1512",30.8035714285714
"1521",15
"1279",28.5873015873016
"1287",28.7307692307692
"1296",14.0597014925373
"1305",48.9245283018868
"1314",45.2830188679245
"1322",30.9423076923077
"1330",37.4583333333333
"1338",26.0416666666667
"1346",11.4285714285714
"1354",13.1702127659574
"1371",10.5957446808511
"1379",25.1428571428571
"1387",27.468085106383
"1395",13.1428571428571
"1403",10.6875
"1411",55.7
"1419",53.8793103448276
"1427",64.4736842105263
"1435",49.6923076923077
"1443",27.9245283018868
"1460",13.3571428571429
"1468",15.3387096774194
"1530",37.6603773584906
"1618",60.1
"1706",61.25
"1722",28.2352941176471
"1730",23.6896551724138
"1738",13.6666666666667
"1746",21.3559322033898
"1754",23
"1762",36.6666666666667
"1538",9.07692307692308
"1546",16.3720930232558
"1554",21.6111111111111
"1562",15.9340659340659
"1570",27.2159090909091
"1578",16.3888888888889
"1586",17.9139784946237
"1594",24.6355140186916
"1602",32.9347826086956
"1610",21.438202247191
"1626",24.9438202247191
"1634",19.6276595744681
"1642",21.2636363636364
"1650",20.989010989011
"1658",22.34375
"1666",21.7765957446809
"1674",31.1413043478261
"1682",19.2589285714286
"1690",27.969696969697
"1698",13.5567010309278
"1714",11.3924050632911
"1770",15.3723404255319
"1858",15.741935483871
"1946",30.3555555555556
"1970",17.8247422680412
"1978",59.3604651162791
"1986",18.5
"1994",22.2380952380952
"2002",24.8383838383838
"2010",28.3333333333333
"1778",15.55
"1786",14.2209302325581
"1794",22.2323232323232
"1802",18.7524752475248
"1810",28.8720930232558
"1818",36.3295454545455
"1826",33.8137254901961
"1834",17.1868131868132
"1842",17.4339622641509
"1850",14.9537037037037
"1866",18.95
"1874",36.8279569892473
"1882",25.2888888888889
"1890",23.4479166666667
"1898",33.5
"1906",25.3063063063063
"1914",52.5316455696203
"1922",31.8672566371681
"1930",54.6041666666667
"1938",29.3369565217391
"1954",20.4943820224719
"1962",37.6122448979592
"2018",30.5377358490566
"2106",46.195652173913
"2193",26.8224299065421
"2209",45.2207792207792
"2217",35.1375
"2225",10.5698924731183
"2233",62.7340425531915
"2241",23.9313725490196
"2249",40.1809523809524
"2026",40.5462962962963
"2034",59.45
"2042",59.578431372549
"2050",40.3465346534653
"2058",41.2777777777778
"2066",16.7894736842105
"2074",23.6304347826087
"2082",24.1584158415842
"2090",40.5050505050505
"2098",52.1188118811881
"2114",29.5977011494253
"2122",25.8659793814433
"2130",15.4479166666667
"2138",16.0227272727273
"2145",25.5934065934066
"2153",45.7727272727273
"2161",61.785046728972
"2169",45.9473684210526
"2177",25.3370786516854
"2185",19.0697674418605
"2201",19.3720930232558
"2257",27.2871287128713
"2345",28.4086021505376
"2433",21.8407079646018
"2455",14.6818181818182
"2463",35.1978021978022
"2471",13.2978723404255
"2479",9.22727272727273
"2487",16.4893617021277
"2495",19.8888888888889
"2265",35.8252427184466
"2273",14.6739130434783
"2281",17.7802197802198
"2289",9.875
"2297",13.2117647058824
"2305",13.8172043010753
"2313",42.2117647058824
"2321",48.46
"2329",26.3846153846154
"2337",21.2584269662921
"2353",13.1685393258427
"2361",18.0352941176471
"2369",15.8613861386139
"2377",38.7171717171717
"2385",25.1609195402299
"2393",36.0947368421053
"2401",14.6222222222222
"2409",13.7111111111111
"2417",15.7469879518072
"2425",12.7980769230769
"2441",15.1041666666667
"2448",20.2783505154639
"2503",18.8522727272727
"2591",14.6082474226804
"2679",13.5227272727273
"2703",18.75
"2711",16.8085106382979
"2719",39.639175257732
"2727",36.8380952380952
"2735",28.0333333333333
"2743",26.3820224719101
"2511",16.8969072164948
"2519",17
"2527",14.3592233009709
"2535",19.4505494505494
"2543",34.7525773195876
"2551",26.2087912087912
"2559",13.8823529411765
"2567",16.9662921348315
"2575",22.9310344827586
"2583",12.7706422018349
"2599",15.5595238095238
"2607",30.3823529411765
"2615",23.1649484536082
"2623",10.2875
"2631",11.1098901098901
"2639",14.4705882352941
"2647",10.1333333333333
"2655",10.1153846153846
"2663",25.23
"2671",11.9759036144578
"2687",10.8904109589041
"2695",9.5047619047619
"2751",13.3763440860215
"2837",10.2808988764045
"2925",9.62820512820513
"2941",10.9176470588235
"2949",11.8115942028986
"2957",9.73684210526316
"2965",14.1571428571429
"2973",9.97530864197531
"2981",9.8735632183908
"2759",12.7564102564103
"2766",13.1139240506329
"2773",13.6395348837209
"2781",13.0595238095238
"2789",11.2676056338028
"2797",12.0588235294118
"2805",15.7912087912088
"2813",15.9012345679012
"2821",13.7323943661972
"2829",15.7733333333333
"2845",25
"2853",14.0864197530864
"2861",16.0229885057471
"2869",13.8775510204082
"2877",10.1555555555556
"2885",13.1410256410256
"2893",22.0609756097561
"2901",20.3789473684211
"2909",13.2045454545455
"2917",12.025641025641
"2933",10.1325301204819
"281",10.7671232876712
"369",13.375
"457",12.25
"481",17.3563218390805
"489",23.2268041237113
"497",34.6195652173913
"505",15.5238095238095
"512",37.0125
"520",21.5813953488372
"289",33.3157894736842
"297",35
"305",55.4691358024691
"313",50.972602739726
"321",49.4117647058824
"329",37.1212121212121
"337",28.7878787878788
"345",40.6071428571429
"353",46.1025641025641
"361",50.6354166666667
"377",44.9176470588235
"385",25.8369565217391
"393",36.7078651685393
"401",27.95
"409",43.2588235294118
"417",52.4470588235294
"425",45.2708333333333
"433",46.0759493670886
"441",19.5405405405405
"449",14.0540540540541
"465",14.4567901234568
"473",14.7887323943662
"528",11.5625
"616",10.3734939759036
"704",32.9767441860465
"720",23.5972222222222
"728",21.2222222222222
"736",13.0579710144928
"744",26.2769230769231
"752",28.7910447761194
"760",54.8461538461538
"536",28.703125
"544",22.0294117647059
"552",22.2884615384615
"560",29.4262295081967
"568",49.9814814814815
"576",21.3623188405797
"584",12.2857142857143
"592",24.952380952381
"600",10
"608",15.8775510204082
"624",11.0491803278689
"632",12.5
"640",10.5357142857143
"648",11.0701754385965
"656",30.7391304347826
"664",46.4805194805195
"672",28.2794117647059
"680",47.9418604651163
"688",60.7375
"696",34.7916666666667
"712",19.25
"768",23.344262295082
"856",32.1
"944",40.8421052631579
"968",22.9178082191781
"976",30.948275862069
"984",34.7213114754098
"992",24.5090909090909
"1000",26.6363636363636
"1008",8.22857142857143
"776",17.8571428571429
"784",12.8125
"792",22.9354838709677
"800",19.2307692307692
"808",13.2857142857143
"816",9.609375
"824",11.2333333333333
"832",22.8125
"840",17.9577464788732
"848",13.5584415584416
"864",10
"872",15.3731343283582
"880",25.5294117647059
"888",22.9714285714286
"896",25.125
"904",29.6172839506173
"912",35.958904109589
"920",35.8915662650602
"928",36.0804597701149
"936",15.0875
"952",66.8048780487805
"960",32.6923076923077
"3",6.06060606060606
"102",35.9861111111111
"201",19.4
"228",38.5
"237",30.5633802816901
"246",26.4657534246575
"255",10
"264",11.695652173913
"273",10.3703703703704
"12",16.9280575539568
"21",8.21323529411765
"30",13.126582278481
"39",8.86363636363636
"48",5.21374045801527
"57",14.4036697247706
"66",7.30656934306569
"75",13.5853658536585
"84",9.31818181818182
"93",19.1608391608392
"111",25.963768115942
"120",11.4909090909091
"129",11.7443609022556
"138",8.79699248120301
"147",6.09243697478992
"156",18.7777777777778
"165",15.5407407407407
"174",12.6927710843374
"183",18.53125
"192",4.84848484848485
"210",5.02985074626866
"219",14.3970588235294
"1017",14.2413793103448
"1116",25.1908396946565
"1209",15.1190476190476
"1218",15.6830985915493
"1227",12.1826086956522
"1236",7.528
"1245",6.144
"1253",5.22388059701493
"1262",26.0948905109489
"1026",11.5213675213675
"1035",5.35114503816794
"1044",8.90666666666667
"1053",13.9406779661017
"1062",12.6724137931034
"1071",29.256
"1080",31.043956043956
"1089",14.5123966942149
"1098",17.6581196581197
"1107",15.5084745762712
"1125",14.4117647058824
"1134",15.0403225806452
"1143",14.7589285714286
"1152",14.3835616438356
"1161",10.3490566037736
"1170",13.1785714285714
"1179",11.869918699187
"1188",8.28346456692913
"1197",15.9347826086957
"1271",26.3582089552239
"1363",25.6410256410256
"1452",24.593984962406
"1477",22.6014492753623
"1486",21.551724137931
"1495",5.81060606060606
"1504",19.6
"1513",15.1443298969072
"1522",10.5058823529412
"1280",13.9312977099237
"1288",25.8241758241758
"1297",7.66336633663366
"1306",23.495652173913
"1315",17.0932203389831
"1323",12.2173913043478
"1331",13.4639175257732
"1339",6.31192660550459
"1347",34.1505376344086
"1355",29.7297297297297
"1372",22.801724137931
"1380",17.1397849462366
"1388",18.027027027027
"1396",27.4912280701754
"1404",28.9041095890411
"1412",32.9166666666667
"1420",40.1940298507463
"1428",29.547619047619
"1436",11.0759493670886
"1444",12.7058823529412
"1461",20.0289855072464
"1469",12
"1531",9.80794701986755
"1619",17.1963190184049
"1707",22.0460526315789
"1723",9.10489510489511
"1731",15.7675675675676
"1739",11.3175675675676
"1747",10.7933333333333
"1755",5.6
"1763",32.0859375
"1539",25.7874015748031
"1547",11.5245901639344
"1555",8.70748299319728
"1563",11.2828947368421
"1571",8.73333333333333
"1579",11.78125
"1587",22.2628571428571
"1595",8.40116279069767
"1603",7.20231213872832
"1611",9.02439024390244
"1627",9.32885906040269
"1635",15.0864197530864
"1643",17.1942857142857
"1651",12.2348993288591
"1659",7.64331210191083
"1667",10.8993710691824
"1675",8.22527472527472
"1683",15.2022471910112
"1691",6.58895705521472
"1699",7.96428571428571
"1715",13.0071942446043
"1771",9.66165413533835
"1859",13.7857142857143
"1947",6.25694444444444
"1971",23.0718954248366
"1979",10.993288590604
"1987",12.7959183673469
"1995",13.6824324324324
"2003",22.625
"2011",8.18831168831169
"1779",19.4539473684211
"1787",12.875
"1795",11.496644295302
"1803",9.05555555555556
"1811",7.96153846153846
"1819",11.2428571428571
"1827",17.0597014925373
"1835",20.0662251655629
"1843",14.8741721854305
"1851",9.95652173913044
"1867",15.748427672956
"1875",11.6758620689655
"1883",14.0915032679739
"1891",11.1016949152542
"1899",7.49367088607595
"1907",13.719696969697
"1915",11.19375
"1923",12.202614379085
"1931",14
"1939",16.5275590551181
"1955",21.8778625954198
"1963",19.3129770992366
"2019",11.1428571428571
"2107",6.52173913043478
"2194",24.4522292993631
"2210",17.6666666666667
"2218",10.5307692307692
"2226",15.3267973856209
"2234",6.83544303797468
"2242",7.38095238095238
"2250",14.1027027027027
"2027",17.2131147540984
"2035",15.3296703296703
"2043",17.9024390243902
"2051",7.36196319018405
"2059",5.7
"2067",8.86075949367089
"2075",15.8555555555556
"2083",24.6608187134503
"2091",16.2752808988764
"2099",13.9342105263158
"2115",9.2375
"2123",9.74305555555556
"2131",10.4233128834356
"2139",10.1520467836257
"2146",18.4418604651163
"2154",20.7107843137255
"2162",11.2689655172414
"2170",11.5220588235294
"2178",13.2608695652174
"2186",5.13636363636364
"2202",8.78504672897196
"2258",13.0779220779221
"2346",21.752688172043
"2434",9.4392523364486
"2456",6.82432432432432
"2464",5.80769230769231
"2472",7.45652173913043
"2480",10.6178343949045
"2488",14.4099378881988
"2496",15.7738095238095
"2266",8.484375
"2274",10.2857142857143
"2282",6.0431654676259
"2290",15.7261904761905
"2298",9.1970802919708
"2306",20.2906976744186
"2314",8
"2322",18.6708074534161
"2330",11.4769230769231
"2338",5.07284768211921
"2354",13.3604060913706
"2362",11.2432432432432
"2370",19.3650793650794
"2378",20.0239234449761
"2386",18.8775510204082
"2394",8.65284974093264
"2402",8.3875
"2410",7.02061855670103
"2418",7.75675675675676
"2426",10.6827956989247
"2442",18.047619047619
"2449",10.9581151832461
"2504",5.62637362637363
"2592",11.5527950310559
"2680",9.225
"2704",10.7244897959184
"2712",22.1702127659574
"2720",24.3041237113402
"2728",14.0710659898477
"2736",12.3315789473684
"2744",8.01818181818182
"2512",12.5621890547264
"2520",12.6753926701571
"2528",18.4259259259259
"2536",16.6813725490196
"2544",10.1479591836735
"2552",7.07936507936508
"2560",10.0104712041885
"2568",18.0394088669951
"2576",10.3895348837209
"2584",9.609375
"2600",16.1730769230769
"2608",16.3461538461538
"2616",8.1890243902439
"2624",11.0372340425532
"2632",7.71641791044776
"2640",7.83707865168539
"2648",5.25139664804469
"2656",6.26
"2664",6.08823529411765
"2672",5.21084337349398
"2688",7.17989417989418
"2696",7.36813186813187
"2752",5.68085106382979
"2838",4.96551724137931
"2926",6.0314465408805
"2942",5.45454545454545
"2950",5.06756756756757
"2958",5.78616352201258
"2966",5.20731707317073
"2974",8.37341772151899
"2982",10.1776315789474
"2760",8.28378378378378
"2767",9.75
"2774",8.80327868852459
"2782",9.12925170068027
"2790",13.9444444444444
"2798",7.51381215469613
"2806",9.33576642335766
"2814",10.7565789473684
"2822",8.73282442748092
"2830",14.8121546961326
"2846",10.2771084337349
"2854",17.2816091954023
"2862",7.32704402515723
"2870",11.4885057471264
"2878",10.7745664739884
"2886",9.91503267973856
"2894",18.979057591623
"2902",20.9036144578313
"2910",8.14814814814815
"2918",7.86549707602339
"2934",10.9350649350649
"282",8.37410071942446
"370",7.32544378698225
"458",10.2044198895028
"482",12.4484848484848
"490",18.4242424242424
"498",10.5470588235294
"506",12.5828220858896
"513",7.11538461538461
"521",7.64285714285714
"290",12.952380952381
"298",19.2269938650307
"306",15.3333333333333
"314",17.4301675977654
"322",7.14705882352941
"330",6.99333333333333
"338",16.3664596273292
"346",20.8253968253968
"354",20.0523255813953
"362",15.8333333333333
"378",16.0792682926829
"386",8.87719298245614
"394",5.54248366013072
"402",11.811320754717
"410",17.5740740740741
"418",16.672619047619
"426",10.6167664670659
"434",6.64429530201342
"442",8.05228758169935
"450",7.46753246753247
"466",8.23684210526316
"474",9.42
"529",16.6764705882353
"617",19.113475177305
"705",10.2784810126582
"721",11.56
"729",7.34126984126984
"737",5.26573426573427
"745",9.03311258278146
"753",16.8962962962963
"761",12.8417721518987
"537",13.6516129032258
"545",18.4605263157895
"553",8.14864864864865
"561",12.8098591549296
"569",12.458904109589
"577",15.7
"585",10.8085106382979
"593",8.33333333333333
"601",5.05660377358491
"609",6.59259259259259
"625",7.28395061728395
"633",6.8843537414966
"641",10.2073170731707
"649",13.5808383233533
"657",26.2456140350877
"665",5.84920634920635
"673",22.9710144927536
"681",19.6503067484663
"689",15.6036585365854
"697",18.5424836601307
"713",6.00735294117647
"769",5.07643312101911
"857",6.19402985074627
"945",7.90853658536585
"969",9.00735294117647
"977",10.5808823529412
"985",20.7080291970803
"993",15.6978417266187
"1001",5.38922155688623
"1009",11.1836734693878
"777",10.1550387596899
"785",5.63758389261745
"793",12.9642857142857
"801",17.2727272727273
"809",15
"817",11.1082802547771
"825",17.0138888888889
"833",9.40251572327044
"841",16.0384615384615
"849",11.4516129032258
"865",15.5064102564103
"873",21.1543209876543
"881",26.1677419354839
"889",21.5562913907285
"897",10.9803921568627
"905",20.9872611464968
"913",20.6882352941176
"921",20.0188679245283
"929",29.4645161290323
"937",30.5792682926829
"953",17.1476510067114
"961",18.9870967741935
"4",15.261744966443
"103",17.6381578947368
"202",9.96794871794872
"229",8.32167832167832
"238",7.51515151515152
"247",8.21641791044776
"256",18.0238095238095
"265",10.841059602649
"274",5.18831168831169
"13",14.6051282051282
"22",8.69587628865979
"31",7.96803652968037
"40",6.03940886699507
"49",6.45739910313901
"58",9.74384236453202
"67",12.7064676616915
"76",20.4460784313725
"85",27.2318181818182
"94",28.827380952381
"112",9.9
"121",16.7327586206897
"130",10.9064039408867
"139",10.2040816326531
"148",13.6570048309179
"157",26.1224489795918
"166",8.69911504424779
"175",14.0526315789474
"184",9
"193",18.5405405405405
"211",25.7238095238095
"220",33.2166666666667
"1018",26.2093023255814
"1117",17
"1210",20.4128440366972
"1219",27.2520325203252
"1228",9.81707317073171
"1237",27.7943925233645
"1246",53.7128712871287
"1254",43.2155172413793
"1263",18.0582524271845
"1027",16.11
"1036",31.8965517241379
"1045",25.4545454545455
"1054",25.1388888888889
"1063",43
"1072",60.4461538461538
"1081",51.0714285714286
"1090",30.844262295082
"1099",38.9495798319328
"1108",15.9056603773585
"1126",35.1359223300971
"1135",45.5267857142857
"1144",23.3193277310924
"1153",18.1203703703704
"1162",13.85
"1171",17.8761061946903
"1180",21.5882352941176
"1189",24.2844036697248
"1198",14.3513513513514
"1272",20.9363636363636
"1364",27.1428571428571
"1453",17.7314814814815
"1478",12.595041322314
"1487",13.2
"1496",14.65
"1505",33.7075471698113
"1514",35.1612903225806
"1523",26.5645161290323
"1281",36.5648854961832
"1289",28.7364341085271
"1298",24.484375
"1307",25.5327868852459
"1316",37.1587301587302
"1324",50.0819672131148
"1332",49.5193798449612
"1340",46.1893939393939
"1348",65.1481481481482
"1356",53.3709677419355
"1373",33.875
"1381",43.984126984127
"1389",47.2868217054264
"1397",18.7295081967213
"1405",58.3333333333333
"1413",49.7461538461538
"1421",35.2727272727273
"1429",27.8333333333333
"1437",37.3846153846154
"1445",27.3333333333333
"1462",32.54
"1470",37.6724137931034
"1532",43.4285714285714
"1620",27.474358974359
"1708",22.2649572649573
"1724",26.5655737704918
"1732",24.3028169014085
"1740",36.3671875
"1748",58.12
"1756",44.8914728682171
"1764",37.099173553719
"1540",30.8661417322835
"1548",22.7166666666667
"1556",18.5826771653543
"1564",15.3457943925234
"1572",12.1171171171171
"1580",19.954954954955
"1588",23.8888888888889
"1596",26.7113402061856
"1604",35.6422018348624
"1612",29.625
"1628",21.1774193548387
"1636",21.7950819672131
"1644",21.5086206896552
"1652",15.1754385964912
"1660",26.3921568627451
"1668",37.4774774774775
"1676",28.9338235294118
"1684",30.7403846153846
"1692",9.81481481481481
"1700",18.7452830188679
"1716",41.212389380531
"1772",31.2173913043478
"1860",37.416
"1948",40.5153846153846
"1972",29.198347107438
"1980",18.780701754386
"1988",16.047619047619
"1996",22.9396551724138
"2004",32.4237288135593
"2012",36.2833333333333
"1780",25.4341085271318
"1788",26.1809523809524
"1796",13.6601941747573
"1804",18.2456140350877
"1812",24.9158878504673
"1820",19.7881355932203
"1828",38.4508196721311
"1836",35.7348484848485
"1844",22.5436893203883
"1852",26.2622950819672
"1868",28.5675675675676
"1876",28.8660714285714
"1884",24.1880341880342
"1892",54.4545454545455
"1900",52.88
"1908",42.8384615384615
"1916",34.1304347826087
"1924",34.936
"1932",36.4912280701754
"1940",36.6228070175439
"1956",47.7586206896552
"1964",44.2105263157895
"2020",23.1932773109244
"2108",31.2049180327869
"2195",32.1102941176471
"2211",17.1746031746032
"2219",31.128
"2227",28.9099099099099
"2235",28.664
"2243",40.7557251908397
"2251",46.008547008547
"2028",31.9384615384615
"2036",40.1832061068702
"2044",32.4018691588785
"2052",32.0733944954128
"2060",26.6048387096774
"2068",27.5206611570248
"2076",36.12
"2084",36.9047619047619
"2092",33.0793650793651
"2100",19.1964285714286
"2116",24.7586206896552
"2124",24.8333333333333
"2132",32.9159663865546
"2140",48.5169491525424
"2147",59.6043165467626
"2155",35.5
"2163",25.5
"2171",20.3559322033898
"2179",30.0508474576271
"2187",20.695652173913
"2203",31.4220183486239
"2259",29.7297297297297
"2347",42.8898305084746
"2435",29.1363636363636
"2457",10.2222222222222
"2465",12.037037037037
"2473",19.8148148148148
"2481",23.3474576271186
"2489",41.1574803149606
"2497",19.404958677686
"2267",14.3831775700935
"2275",16.6847826086957
"2283",13.0406504065041
"2291",20.4098360655738
"2299",22.3361344537815
"2307",48.525
"2315",23.2396694214876
"2323",16.1603773584906
"2331",23.4408602150538
"2339",37.5116279069767
"2355",20.7425742574257
"2363",40.6440677966102
"2371",39.9185185185185
"2379",39.0756302521008
"2387",17.9741379310345
"2395",10.6964285714286
"2403",16.7083333333333
"2411",32.4454545454545
"2419",18.5714285714286
"2427",35
"2505",0
"2593",25.6979166666667
"2681",10.7777777777778
"2705",44.0693069306931
"2713",43.95
"2721",38.0526315789474
"2729",23.6421052631579
"2737",34.1162790697674
"2745",27.3085106382979
"2513",17.4787234042553
"2521",27.3333333333333
"2529",38.65
"2537",17.8958333333333
"2545",17.7065217391304
"2553",28.2142857142857
"2561",28.2417582417582
"2569",30.4487179487179
"2577",30.8666666666667
"2585",58.0571428571429
"2601",35.8333333333333
"2609",24
"2617",15
"2625",22.1875
"2633",27.3333333333333
"2641",24.5647058823529
"2649",31.1325301204819
"2657",14.6714285714286
"2665",20.0547945205479
"2673",15.6081081081081
"2689",19.9148936170213
"2697",10.3421052631579
"2753",9.74025974025974
"2839",11.8295454545455
"2927",9.58227848101266
"2943",10.4054054054054
"2951",36.71875
"2959",39.0571428571429
"2967",30.2906976744186
"2975",17.8311688311688
"2983",17.0740740740741
"2761",24.6478873239437
"2768",20.2405063291139
"2775",30.6133333333333
"2783",13.6309523809524
"2791",31.0941176470588
"2799",18.9041095890411
"2807",23.8555555555556
"2815",30.0133333333333
"2823",23.9655172413793
"2831",30.5432098765432
"2847",28.3125
"2855",22.2432432432432
"2863",37.6351351351351
"2871",30.3703703703704
"2879",37.3253012048193
"2887",21.9381443298969
"2895",34.9620253164557
"2903",24.6236559139785
"2911",25.7702702702703
"2919",10.0289855072464
"2935",21.8333333333333
"283",17.7333333333333
"371",19.2268041237113
"459",45.6162790697674
"483",39.0116279069767
"491",28.5301204819277
"499",35.0112359550562
"507",27.0568181818182
"514",32.9213483146067
"522",35.1098901098901
"291",44.4891304347826
"299",57.3125
"307",57.8571428571429
"315",36.6808510638298
"323",34.7647058823529
"331",46.1298701298701
"339",48.9887640449438
"347",46.3111111111111
"355",42.1
"363",23.6538461538462
"379",27.5625
"387",18.8205128205128
"395",25.4047619047619
"403",38.2619047619048
"411",40.8571428571429
"419",47.7439024390244
"427",32.109756097561
"435",35.4137931034483
"443",12.7105263157895
"451",38.2619047619048
"467",35.5842696629214
"475",23.8
"530",24.4819277108434
"618",31.1756756756757
"706",22.5384615384615
"722",15.275
"730",37.1267605633803
"738",24.5595238095238
"746",41.7605633802817
"754",43.5555555555556
"762",27.1333333333333
"538",52.1315789473684
"546",45.566265060241
"554",51.9264705882353
"562",48.945652173913
"570",62.7840909090909
"578",38.75
"586",27.7432432432432
"594",36.6111111111111
"602",18.3139534883721
"610",25.5915492957746
"626",22.1481481481481
"634",44.7647058823529
"642",28.4155844155844
"650",62.3837209302326
"658",62.6478873239437
"666",58.5057471264368
"674",41.3125
"682",52.5844155844156
"690",50.6976744186046
"698",32.8472222222222
"714",26.28
"770",13.8493150684932
"858",13.9135802469136
"946",32.112676056338
"970",35.0697674418605
"978",34.6385542168675
"986",32.7901234567901
"994",33.8101265822785
"1002",28.1944444444444
"1010",25.8965517241379
"778",39.7866666666667
"786",31.4933333333333
"794",49.1264367816092
"802",43.4615384615385
"810",13.2786885245902
"818",21.4814814814815
"826",13.7042253521127
"834",33.25
"842",16.5217391304348
"850",67.0845070422535
"866",66.6666666666667
"874",58.625
"882",63.8441558441558
"890",64.887323943662
"898",28.1492537313433
"906",29.5205479452055
"914",30.0519480519481
"922",58.5308641975309
"930",72.1794871794872
"938",77.2183908045977
"954",64.2025316455696
"962",22.6341463414634
"5",24.9342105263158
"104",46.7532467532468
"203",9.10810810810811
"230",45.3333333333333
"239",33.4090909090909
"248",18.1818181818182
"257",23.2297297297297
"266",17.7702702702703
"275",35.1428571428571
"14",18.6323529411765
"23",21.9871794871795
"32",24.1147540983607
"41",14.9056603773585
"50",19.4927536231884
"59",10.625
"68",52.0898876404494
"77",49.2063492063492
"86",59.40625
"95",10.4920634920635
"113",17.0175438596491
"122",23.4411764705882
"131",10.741935483871
"140",24.0789473684211
"149",34.2647058823529
"158",29.7613636363636
"167",27.9591836734694
"176",11.719298245614
"185",11.0909090909091
"194",60.4477611940299
"212",53.3970588235294
"221",55.9857142857143
"1019",31.025641025641
"1118",9.5
"1211",29.4117647058824
"1220",20.4477611940299
"1229",56.7530864197531
"1238",44.7530864197531
"1247",39.9166666666667
"1255",54.4375
"1264",19.9342105263158
"1028",30.4477611940299
"1037",86.6976744186046
"1046",73.945945945946
"1055",85
"1064",83.2142857142857
"1073",75.320987654321
"1082",67.2875
"1091",54.7972972972973
"1100",54.0714285714286
"1109",73.3658536585366
"1127",61.9222222222222
"1136",28.4065934065934
"1145",29.2098765432099
"1154",27.0123456790123
"1163",10.3676470588235
"1172",63.0864197530864
"1181",91.5625
"1190",62.1529411764706
"1199",70.4666666666667
"1205",32.3972602739726
"1273",35
"1365",28.7285714285714
"1454",41.5230769230769
"1479",43.4655172413793
"1488",34.0843373493976
"1497",42.3529411764706
"1506",41.0333333333333
"1515",41.375
"1524",41.25
"1282",31.9459459459459
"1290",41.3157894736842
"1299",56.0652173913044
"1308",42.5882352941176
"1317",68.1473684210526
"1325",88.7666666666667
"1333",68.5955056179775
"1341",63.4078947368421
"1349",71.685393258427
"1357",33.1458333333333
"1374",44.8333333333333
"1382",76.1630434782609
"1390",93.6309523809524
"1398",66.8125
"1406",68.1157894736842
"1414",55.2808988764045
"1422",59.0729166666667
"1430",56.8333333333333
"1438",67.3939393939394
"1446",80
"1463",97.6021505376344
"1471",73.5172413793103
"1533",55.8720930232558
"1621",24.0760869565217
"1709",74.4347826086957
"1725",63.858407079646
"1733",69.4395604395604
"1741",86.4157303370787
"1749",71.3653846153846
"1757",63.09
"1765",55.2395833333333
"1541",62.7
"1549",48
"1557",31.7088607594937
"1565",35
"1573",40.530612244898
"1581",58.5773195876289
"1589",53.3626373626374
"1597",50.9550561797753
"1605",46.7663551401869
"1613",52.3472222222222
"1629",43.65
"1637",49.2105263157895
"1645",60.8260869565217
"1653",47.4166666666667
"1661",43.5
"1669",45.6666666666667
"1677",65.4615384615385
"1685",48.0657894736842
"1693",51.9523809523809
"1701",46.1363636363636
"1717",33.8404255319149
"1773",44.7058823529412
"1861",40.8936170212766
"1949",24.3837209302326
"1973",10.7058823529412
"1981",55.9880952380952
"1989",53.9166666666667
"1997",49.8396226415094
"2005",35.2087912087912
"2013",21.5
"1781",31.4084507042254
"1789",32.25
"1797",35.1428571428571
"1805",29.5217391304348
"1813",45.7894736842105
"1821",31.7118644067797
"1829",29.462962962963
"1837",22.1111111111111
"1845",21.1025641025641
"1853",37.8275862068966
"1869",46.1046511627907
"1877",38.6862745098039
"1885",48.1685393258427
"1893",45.92
"1901",46.5625
"1909",51.0229885057471
"1917",52.4404761904762
"1925",35.5724137931035
"1933",36.3081761006289
"1941",44.0375939849624
"1957",29.4388489208633
"1965",24.6896551724138
"2021",26.7355371900826
"2109",38.0234375
"2196",45
"2212",51.8359375
"2220",26.8062015503876
"2228",34.8913043478261
"2236",34.0322580645161
"2244",40.75
"2252",40.6439393939394
"2029",42.0802919708029
"2037",36.6102941176471
"2045",22.5401459854015
"2053",32.6715328467153
"2061",51.7016129032258
"2069",22.4656488549618
"2077",30.504
"2085",18.7394957983193
"2093",23.9618320610687
"2101",16.241935483871
"2117",33.2153846153846
"2125",39.4132231404959
"2133",22.5609756097561
"2141",14.2583333333333
"2148",20.2698412698413
"2156",18.0740740740741
"2164",15.2713178294574
"2172",26.3636363636364
"2180",24.3032786885246
"2188",22.9765625
"2204",16
"2260",14.176
"2348",26.4230769230769
"2436",22.4083333333333
"2458",12.8814814814815
"2466",42.9609375
"2474",15.7685950413223
"2482",19.739837398374
"2490",11.8818897637795
"2498",13.4375
"2268",11.2105263157895
"2276",25.063829787234
"2284",17.827868852459
"2292",15.584
"2300",22.7459016393443
"2308",13.5365853658537
"2316",20.008
"2324",29.7105263157895
"2332",21.4661654135338
"2340",45.856
"2356",27.6280991735537
"2364",22.0176991150442
"2372",18.7964601769912
"2380",16.0735294117647
"2388",15.8412698412698
"2396",25.4444444444444
"2404",37.7542372881356
"2412",20.0840336134454
"2420",18.5213675213675
"2428",31.0283018867925
"2443",17.2213114754098
"2450",15.5272727272727
"2506",15.1968503937008
"2594",20.5416666666667
"2682",18.3783783783784
"2706",20.6372549019608
"2714",24.2051282051282
"2722",31.5573770491803
"2730",14.7008547008547
"2738",19.8970588235294
"2746",31.5044247787611
"2514",11.0569105691057
"2522",14.2755905511811
"2530",20.4453781512605
"2538",30.0076923076923
"2546",23.1034482758621
"2554",23.125
"2562",14.8524590163934
"2570",14.9298245614035
"2578",45.1949152542373
"2586",33.9274193548387
"2602",38.1824817518248
"2610",32.6386554621849
"2618",16.5925925925926
"2626",38.3636363636364
"2634",14.7107438016529
"2642",24.8842975206612
"2650",20.6616541353383
"2658",26.2695035460993
"2666",19.0413223140496
"2674",14.5
"2690",9.95901639344262
"2698",9.69767441860465
"2754",10.2748091603053
"2840",13.0406504065041
"2928",29.4890510948905
"2944",40.7154471544715
"2952",23.0902255639098
"2960",11.0204081632653
"2968",10.8117647058824
"2976",12.0103092783505
"2984",12.5360824742268
"2762",12.4672897196262
"2769",19.2523364485981
"2776",14.2702702702703
"2784",13.7362637362637
"2792",22.196261682243
"2800",16.0384615384615
"2808",23.622641509434
"2816",32.5128205128205
"2824",34.8613861386139
"2832",23.352380952381
"2848",23.2105263157895
"2856",18.2043010752688
"2864",20.8
"2872",21.6458333333333
"2880",42.672268907563
"2888",14.8032786885246
"2896",27.0943396226415
"2904",32.875
"2912",17.3428571428571
"2920",18.13
"2936",29.5940594059406
"284",23.1759259259259
"372",31.2391304347826
"460",26.6944444444444
"484",24.2613636363636
"492",18.2872340425532
"500",15.8653846153846
"515",19.1441441441441
"523",45.6111111111111
"292",54.2058823529412
"300",46.0561797752809
"308",20.123595505618
"316",42.1397849462366
"324",44.5940594059406
"332",21.8547008547009
"340",28.32
"348",29.1553398058252
"356",22.9148936170213
"364",31.2765957446809
"380",25.0736842105263
"388",45.8191489361702
"396",43.0178571428571
"404",40.1538461538462
"412",24.6936936936937
"420",18.0978260869565
"428",18.625
"436",16.4893617021277
"444",27.9716981132075
"452",23.8504672897196
"468",18.4444444444444
"476",14.1224489795918
"531",14.2788461538462
"619",10.780701754386
"707",15.7894736842105
"723",22.1386138613861
"731",43.045045045045
"739",34.9777777777778
"747",47.875
"755",36.8526315789474
"763",43.2705882352941
"539",50.719512195122
"547",56.7582417582418
"555",64.4
"563",34.9620253164557
"571",25.8918918918919
"579",19.5121951219512
"587",17.9894736842105
"595",32.2083333333333
"603",16.4470588235294
"611",33.3974358974359
"627",53.5869565217391
"635",54.8041237113402
"643",69.7790697674419
"651",60.3452380952381
"659",44.8658536585366
"667",51.5666666666667
"675",48.8235294117647
"683",30.6296296296296
"691",31.6767676767677
"699",18.943661971831
"715",27.6913580246914
"771",31.2096774193548
"859",22.0987654320988
"947",36.6261682242991
"971",30.4819277108434
"979",21.7964601769912
"987",15.8636363636364
"995",42.1549295774648
"1003",28.2738095238095
"1011",38.264367816092
"779",42.6973684210526
"787",39.4324324324324
"795",44.05
"803",30.4404761904762
"811",16.3571428571429
"819",17.5869565217391
"827",24.5581395348837
"835",36.6969696969697
"843",40.2197802197802
"851",41.3495145631068
"867",56.1208791208791
"875",42.3563218390805
"883",26.9318181818182
"891",28.7974683544304
"899",16.2073170731707
"907",18.8725490196078
"915",60.06
"923",72.0736842105263
"931",75.0873786407767
"939",63.5773195876289
"955",55.9411764705882
"963",32.9009900990099
"6",40.4252873563218
"105",50
"204",64.7283950617284
"231",77.887323943662
"240",77.9518072289157
"249",73.1688311688312
"258",13.2380952380952
"267",26.8148148148148
"276",38.1758241758242
"15",22.475
"24",14.5340909090909
"33",18.0309278350515
"42",16.5348837209302
"51",44.4444444444444
"60",66.6626506024096
"69",39.3653846153846
"78",16.1111111111111
"87",15.6923076923077
"96",12.5111111111111
"114",19.203125
"123",46.5066666666667
"132",15.961038961039
"141",36.3913043478261
"150",27.4659090909091
"159",17.3037974683544
"168",12.0454545454545
"177",33.6931818181818
"186",46.2131147540984
"195",12.6949152542373
"213",25.3373493975904
"222",12.2061855670103
"1020",12.4204545454545
"1119",14.2631578947368
"1212",26.979797979798
"1221",59.4489795918367
"1230",44.9347826086956
"1239",30.4901960784314
"1248",15.5416666666667
"1256",22.8478260869565
"1265",28.8695652173913
"1029",29.5505617977528
"1038",52.7281553398058
"1047",39.8415841584158
"1056",32.8411214953271
"1065",22.6063829787234
"1074",12.25
"1083",17.56
"1092",54.0961538461538
"1101",53.8952380952381
"1110",76.6176470588235
"1128",64.7747747747748
"1137",51.4285714285714
"1146",16.6860465116279
"1155",48.1313131313131
"1164",37.2828282828283
"1173",60.4684684684685
"1182",53.4571428571429
"1191",47.2241379310345
"1200",46.2096774193548
"1274",22.0392156862745
"1366",35.1980198019802
"1455",32.9809523809524
"1480",48.6138613861386
"1489",46.3168316831683
"1498",47.4727272727273
"1507",35.4324324324324
"1516",15.15
"1525",30.1630434782609
"1283",20.9708737864078
"1291",45.3153153153153
"1300",53.2931034482759
"1309",50.8928571428571
"1318",96.2336448598131
"1326",85.4910714285714
"1334",70.0789473684211
"1342",56.7685185185185
"1350",49.1284403669725
"1358",48.348623853211
"1375",51.4260869565217
"1383",67.6272727272727
"1391",32.7884615384615
"1399",30.3125
"1407",40.8703703703704
"1415",54.3388429752066
"1423",48.4424778761062
"1431",30.9495798319328
"1439",52.7583333333333
"1447",21.588785046729
"1464",31.4
"1472",25.6296296296296
"1534",35.5855855855856
"1622",47.6923076923077
"1710",41.0909090909091
"1726",78.6111111111111
"1734",25.6486486486486
"1742",49.3364485981308
"1750",44.5818181818182
"1758",42.3727272727273
"1766",60.0092592592593
"1542",55.7943925233645
"1550",77.7326732673267
"1558",51.3627450980392
"1566",54.9245283018868
"1574",48.9827586206897
"1582",43.0175438596491
"1590",21.605504587156
"1598",26.8947368421053
"1606",31.9904761904762
"1614",30.9345794392523
"1630",26.0423728813559
"1638",25.2212389380531
"1646",29.5431034482759
"1654",27.348623853211
"1662",34.1016949152542
"1670",28.3362831858407
"1678",23.1140350877193
"1686",21.1150442477876
"1694",22.9238095238095
"1702",29.2293577981651
"1718",39.304347826087
"1774",22.4152542372881
"1862",17.6379310344828
"1950",19.7636363636364
"1974",33.8214285714286
"1982",41.7727272727273
"1990",52.5762711864407
"1998",50.900826446281
"2006",45.0866141732283
"2014",16.7413793103448
"1782",25.1111111111111
"1790",27.2881355932203
"1798",40.5083333333333
"1806",46.2177419354839
"1814",61.7857142857143
"1822",38.4782608695652
"1830",26.3826086956522
"1838",28.7719298245614
"1846",32.447619047619
"1854",31.7619047619048
"1870",46.8547008547009
"1878",41.375
"1886",30.864
"1894",27.8333333333333
"1902",14.0281690140845
"1910",31.0642201834862
"1918",19.7962962962963
"1926",44.3893129770992
"1934",35.6969696969697
"1942",35
"1958",38.344
"1966",25.625
"2022",24.3255813953488
"2110",28.1439393939394
"2197",32.1086956521739
"2213",24.2
"2221",34.3496503496503
"2229",21.0573770491803
"2237",22.1153846153846
"2245",22.7414965986395
"2253",35.1851851851852
"2030",15.6830985915493
"2038",17.0923076923077
"2046",34.9071428571429
"2054",32.5957446808511
"2062",21
"2070",18.3407407407407
"2078",27.9621212121212
"2086",19.7777777777778
"2094",17.2074074074074
"2102",33.8373983739837
"2118",26.4146341463415
"2126",14.4761904761905
"2134",24.9626865671642
"2142",22.312101910828
"2149",15.8012048192771
"2157",14.377358490566
"2165",43.3431952662722
"2173",22.7388535031847
"2181",30.1225806451613
"2189",25.3291139240506
"2205",14.9748427672956
"2261",27.3939393939394
"2349",28.5849056603774
"2437",39.96875
"2459",13.5178571428571
"2467",38.2614379084967
"2475",40
"2483",18.4084507042254
"2491",16.5695364238411
"2499",15.013986013986
"2269",31.0810810810811
"2277",40.4642857142857
"2285",23.9928057553957
"2293",40.8163265306122
"2301",19.3888888888889
"2309",24.9205298013245
"2317",19.0579710144928
"2325",33.5472972972973
"2333",33.3617021276596
"2341",37.7697841726619
"2357",34.0684931506849
"2365",24.5804195804196
"2373",29.1390728476821
"2381",34.3169014084507
"2389",54.4701986754967
"2397",43.2971014492754
"2405",48.169014084507
"2413",40.0492957746479
"2421",24.4928571428571
"2429",24.3489932885906
"2444",13.1575342465753
"2451",37.0134228187919
"2507",44.0211267605634
"2595",34.0942028985507
"2683",38.5144927536232
"2707",34.2142857142857
"2715",28.5354838709677
"2723",29.6783216783217
"2731",42.7549668874172
"2739",48.0215827338129
"2747",40.1928571428571
"2515",42.1739130434783
"2523",24.6575342465753
"2531",32.6066666666667
"2539",21.2533333333333
"2547",48.4620253164557
"2555",42.7808219178082
"2563",32.8652482269504
"2571",18.3333333333333
"2579",26.3576158940397
"2587",29.1038961038961
"2603",24.4180327868852
"2611",19.1969696969697
"2619",21.2786885245902
"2627",19.6942148760331
"2635",27.3149606299213
"2643",26.4545454545455
"2651",22.1240310077519
"2659",15.4285714285714
"2667",20.937984496124
"2675",20.0168067226891
"2691",11.7166666666667
"2699",16.203125
"2755",17.64
"2841",24.0357142857143
"2929",42.2820512820513
"2945",15.0542635658915
"2953",20.7435897435897
"2961",15.921875
"2969",17.104347826087
"2977",11.719298245614
"2985",11.9734513274336
"2777",8.06306306306306
"2785",11.0258620689655
"2793",12.5263157894737
"2801",16.0267857142857
"2809",19.1587301587302
"2817",19.7280701754386
"2825",23.5220588235294
"2833",29.6583333333333
"2849",21.6186440677966
"2857",32.8260869565217
"2865",24.1271186440678
"2873",33.251968503937
"2881",34.8474576271186
"2889",33.265625
"2897",42.275
"2905",34.4873949579832
"2913",32.5
"2921",36.8141592920354
"2937",34.015873015873
"285",30.4224137931034
"373",34.7833333333333
"461",44.25
"485",40.9732142857143
"493",21.0280373831776
"501",47.0089285714286
"508",41.8181818181818
"516",54.2543859649123
"524",46.4351145038168
"293",58.7946428571429
"301",38.1452991452991
"309",61.1478260869565
"317",44.7368421052632
"325",36.4
"333",47.6725663716814
"341",51.3106060606061
"349",50.3055555555556
"357",41.3660714285714
"365",57.2222222222222
"381",58.7692307692308
"389",39.9615384615385
"397",33.2758620689655
"405",38.2755905511811
"413",34.0964912280702
"421",55.4247787610619
"429",57.803738317757
"437",36.3703703703704
"445",41.3719008264463
"453",45.5576923076923
"469",41.8727272727273
"477",48.3474576271186
"532",29.1545454545455
"620",48.1553398058252
"708",32.4095238095238
"724",39.9166666666667
"732",40.3619047619048
"740",52.7652173913043
"748",47.0818181818182
"756",46.7734375
"764",55.7387387387387
"540",62.0476190476191
"548",46.1559633027523
"556",51.7264150943396
"564",40.6293103448276
"572",37.6857142857143
"580",42.9252336448598
"588",40.6759259259259
"596",50.6310679611651
"604",45.7327586206897
"612",44.0827067669173
"628",67.7291666666667
"636",53.2462686567164
"644",58.7810218978102
"652",29
"660",52.7651515151515
"668",43.8881118881119
"676",35.4259259259259
"684",33.3873873873874
"692",31
"700",38.8362068965517
"716",45.8181818181818
"772",35.7079646017699
"860",39.432
"948",45.8653846153846
"972",36.816
"980",33.3394495412844
"988",18.2095238095238
"996",47.5
"1004",40.9905660377358
"1012",27.3643410852713
"780",51.0190476190476
"788",62.9651162790698
"796",42.3652173913043
"804",31.5596330275229
"812",54.287037037037
"820",49.9905660377358
"828",55.6173913043478
"836",68.8173076923077
"844",60.034188034188
"852",71.0431034482759
"868",49.4776119402985
"876",57.6635514018692
"884",61.9906542056075
"892",55.625
"900",48.6439393939394
"908",56.048951048951
"916",67.8880597014925
"924",70.3356643356643
"932",73.544776119403
"940",62.9774436090226
"956",60.3453237410072
"964",45
"7",13.963963963964
"106",49.6465517241379
"205",13.2767857142857
"232",82.0909090909091
"241",59.9401709401709
"250",42.7165354330709
"259",43.4150943396226
"268",51.9596774193548
"277",25.2477064220184
"16",37
"25",45.5603448275862
"34",29.4485981308411
"43",38.9291338582677
"52",43.9285714285714
"61",35.92
"70",44.7757009345794
"79",25.6116504854369
"88",25.6666666666667
"97",43.4285714285714
"115",52.3628318584071
"124",51.9230769230769
"133",51.3839285714286
"142",23.4134615384615
"151",35.6603773584906
"160",37.5700934579439
"169",39.4862385321101
"178",59.8119658119658
"187",39.7543859649123
"196",42.9912280701754
"214",35.0598290598291
"223",30.8803418803419
"1021",52.8461538461538
"1120",44.8521739130435
"1213",64.6605504587156
"1222",39.1636363636364
"1231",49.2421875
"1240",36.5486725663717
"1249",37.5272727272727
"1257",44.0363636363636
"1266",50
"1030",57.4296875
"1039",65.0603448275862
"1048",62.4029850746269
"1057",47.6923076923077
"1066",43.2
"1075",77.2736842105263
"1084",52.6935483870968
"1093",50.5474452554745
"1102",65.6209677419355
"1111",50.3897058823529
"1129",62.992125984252
"1138",43.0916666666667
"1147",50.0762711864407
"1156",47.336
"1165",56.2824427480916
"1174",46.1009174311927
"1183",46.5950413223141
"1192",26.3471074380165
"1201",24.0948275862069
"1275",34.9298245614035
"1367",51.5826086956522
"1456",56.6641791044776
"1481",55.7153846153846
"1490",51.3888888888889
"1499",27.65
"1508",42.172131147541
"1517",58.608
"1526",60.3983050847458
"1284",49.8161764705882
"1292",48.4090909090909
"1301",59.0816326530612
"1310",74.1567164179104
"1319",73.1029411764706
"1327",54.4477611940299
"1335",58.2442748091603
"1343",40.6474820143885
"1351",38.9609375
"1359",32.7697841726619
"1376",19.52
"1384",42.5806451612903
"1392",60.12
"1400",52.1347517730496
"1408",42.6736111111111
"1416",55.3928571428571
"1424",53.9285714285714
"1432",63.7183098591549
"1440",50.4027777777778
"1448",61.4
"1465",42.2094594594595
"1473",56.8322147651007
"1535",40.7985074626866
"1623",62.0322580645161
"1711",60.578231292517
"1727",65.9020979020979
"1735",61.8148148148148
"1743",46.4055944055944
"1751",31.248322147651
"1759",49.051724137931
"1767",35.0232558139535
"1543",20.376
"1551",48.9523809523809
"1559",44.672268907563
"1567",47.436974789916
"1575",60.2461538461538
"1583",21.7226890756303
"1591",58.7651515151515
"1599",43.4789915966387
"1607",34.1085271317829
"1615",40.635593220339
"1631",55.4508196721311
"1639",63.9
"1647",43.8062015503876
"1655",26.984126984127
"1663",22.7899159663866
"1671",48.1550387596899
"1679",44.7058823529412
"1687",52.6528925619835
"1695",53.6026490066225
"1703",40.9577464788732
"1719",32.7259259259259
"1775",30.2325581395349
"1863",27.1605839416058
"1951",46.8333333333333
"1975",58.1136363636364
"1983",53.1301369863014
"1991",32.5185185185185
"1999",52.7956204379562
"2007",30.1707317073171
"2015",33.6363636363636
"1783",33
"1791",33.2
"1799",42.1428571428571
"1807",39.7982456140351
"1815",28.5114503816794
"1823",36.8358208955224
"1831",31.0245901639344
"1839",46.198347107438
"1847",42.0300751879699
"1855",27.7205882352941
"1871",14.8778625954198
"1879",44.7259259259259
"1887",53.4848484848485
"1895",25.8527131782946
"1903",36.1068702290076
"1911",45.1353383458647
"1919",51.1842105263158
"1927",32.6666666666667
"1935",42.2142857142857
"1943",42.4015151515151
"1959",18.6287878787879
"1967",47.9328358208955
"2023",48.2408759124088
"2111",53.8646616541353
"2198",56.2
"2214",46.7428571428571
"2222",60.8214285714286
"2230",46.5571428571429
"2238",41.695652173913
"2246",44.5428571428571
"2254",47.3605442176871
"2031",47.9794520547945
"2039",43.7687074829932
"2047",49.3355704697987
"2055",39.0529801324503
"2063",46.6827586206897
"2071",44.8223684210526
"2079",57.0748299319728
"2087",33.2818791946309
"2095",50.1095890410959
"2103",59.6232876712329
"2119",53.8387096774194
"2127",54.0718954248366
"2135",60.6506849315069
"2143",53.0821917808219
"2150",43.5337837837838
"2158",41.8116883116883
"2166",63.6095890410959
"2174",58.7712418300654
"2182",51.2206896551724
"2190",41.4236111111111
"2206",24.8421052631579
"2262",40.2573529411765
"2350",30.3617021276596
"2438",42.8308823529412
"2460",19.2064516129032
"2468",48.9416058394161
"2476",33.963963963964
"2484",21.9324324324324
"2492",32.6204379562044
"2500",29.7567567567568
"2270",40.6934306569343
"2278",29.0935251798561
"2286",30.0729927007299
"2294",47.2556390977444
"2302",26.4154929577465
"2310",34.9084507042254
"2318",33.5135135135135
"2326",32.3214285714286
"2334",30.1102941176471
"2342",38.7407407407407
"2358",33.2348484848485
"2366",28.6301369863014
"2374",27.0769230769231
"2382",36.6040268456376
"2390",38.1726618705036
"2398",35.2222222222222
"2406",42.1481481481481
"2414",37.7101449275362
"2422",33.3355704697987
"2430",23.4360902255639
"2445",34.3513513513514
"2452",27.0661764705882
"2508",25.9024390243902
"2596",34.5735294117647
"2684",36.3257575757576
"2708",31.6013986013986
"2716",38.1496062992126
"2724",39.2424242424242
"2732",40.4724409448819
"2740",29.3032786885246
"2748",34.1221374045802
"2516",47.1825396825397
"2524",59.1496598639456
"2532",35.3333333333333
"2540",31.09375
"2548",39.9473684210526
"2556",32.8888888888889
"2564",45.5496183206107
"2572",36.5648854961832
"2580",27.7388535031847
"2588",26.8320610687023
"2604",33.3216783216783
"2612",20.28125
"2620",23.2313432835821
"2628",28.9924242424242
"2636",24.2954545454545
"2644",22.7397260273973
"2652",23.1707317073171
"2660",17.6641221374046
"2668",8.58333333333333
"2676",13.8083333333333
"2692",16.6386554621849
"2700",17.3025210084034
"2756",14.2076923076923
"2842",31.2972972972973
"2930",17.0833333333333
"2946",14.5426356589147
"2954",13.6666666666667
"2962",15.4016393442623
"2970",13.2954545454545
"2978",18
"2986",21.6904761904762
"2763",20.236641221374
"2770",19.0826446280992
"2778",12.3613445378151
"2786",20.8225806451613
"2794",38.6759259259259
"2802",32.7615384615385
"2810",27.624
"2818",23.8740157480315
"2826",18.8666666666667
"2834",14.6495726495726
"2850",26.3418803418803
"2858",35.5416666666667
"2866",21.6099290780142
"2874",23.3739130434783
"2882",21.7923076923077
"2890",28.0263157894737
"2898",13.4210526315789
"2906",33.4347826086956
"2914",24.2920353982301
"2922",31.1374045801527
"2938",23.2735042735043
"286",24.4566929133858
"374",17
"462",21.8947368421053
"486",25.4273504273504
"494",37.504347826087
"502",42.796875
"509",51.6525423728814
"517",55.5645161290323
"525",35.2631578947368
"294",23.2307692307692
"302",36.1916666666667
"310",45.3982300884956
"318",38.6693548387097
"326",40.3125
"334",33.008
"342",25.2678571428571
"350",21.4873949579832
"358",33.1666666666667
"366",44.2689075630252
"382",44.3432835820896
"390",42.1440677966102
"398",41.3384615384615
"406",19.7913043478261
"414",16.0350877192982
"422",20.0840336134454
"430",34.1271186440678
"438",46.8740157480315
"446",35.982905982906
"454",21.8306451612903
"470",26.6825396825397
"478",11.4661016949153
"533",20.929203539823
"621",24.7264957264957
"709",44.3149606299213
"725",25.8512396694215
"733",44.968
"741",21.9083333333333
"749",19.1290322580645
"757",34.5826086956522
"765",33.3781512605042
"541",53.8782608695652
"549",47.5416666666667
"557",45.6048387096774
"565",34.7179487179487
"573",18.9918032786885
"581",36.0598290598291
"589",42.9310344827586
"597",36.2142857142857
"605",41.7669172932331
"613",69.9432624113475
"629",63.2518518518519
"637",68.3695652173913
"645",43.4179104477612
"653",57.8208955223881
"661",39.1418439716312
"669",41.5948275862069
"677",47.6818181818182
"685",59.0438596491228
"693",36.3025210084034
"701",57.9837398373984
"717",46.7094017094017
"773",43.0615384615385
"861",51
"949",44.2
"973",58.5853658536585
"981",48.7522935779817
"989",58.2608695652174
"997",56.5086206896552
"1005",44.9769230769231
"1013",23.3482142857143
"781",46.8914728682171
"789",44.2727272727273
"797",43.2108843537415
"805",50.8305084745763
"813",33.3620689655172
"821",32.2093023255814
"829",59.4385964912281
"837",60.9230769230769
"845",61.510067114094
"853",68.5833333333333
"869",10.5803571428571
"877",69.9059829059829
"885",68.2520325203252
"893",73.0141843971631
"901",58.2051282051282
"909",58.4788732394366
"917",69.6056338028169
"925",80.1079136690647
"933",74.4625850340136
"941",75.013422818792
"957",62.1666666666667
"965",38.2835820895522
"8",41.237037037037
"107",70.645390070922
"206",68.0588235294118
"233",69.044776119403
"242",77.9185185185185
"251",70.0084033613445
"260",54.0088495575221
"269",50.2068965517241
"278",38
"17",40.5691056910569
"26",40.5391304347826
"35",46.0162601626016
"44",36.4957983193277
"53",27.7686567164179
"62",25.301724137931
"71",19.3758389261745
"80",44.6017699115044
"89",54.965811965812
"98",71.8604651162791
"116",64.0608695652174
"125",59.1162790697674
"134",48.0479452054795
"143",54.3652173913043
"152",43.6991150442478
"161",61.3716814159292
"170",62.0227272727273
"179",8.99122807017544
"188",50.5671641791045
"197",46.6153846153846
"215",32.6311475409836
"224",48.556338028169
"1022",37.3333333333333
"1121",43.28
"1214",56.1304347826087
"1223",44.2338709677419
"1232",35.8251748251748
"1241",30.0821917808219
"1250",53.5378151260504
"1258",41.5737704918033
"1267",67.0645161290323
"1031",39.327731092437
"1040",54.3893129770992
"1049",32.7032258064516
"1058",19.5751633986928
"1067",63.5161290322581
"1076",59.6612903225806
"1085",57.2708333333333
"1094",80.7589285714286
"1103",75.0731707317073
"1112",65.7142857142857
"1130",60.8979591836735
"1139",71.7948717948718
"1148",54.1739130434783
"1157",47.1230769230769
"1166",39.6311475409836
"1175",58.0697674418605
"1184",45.3333333333333
"1193",46.877358490566
"1202",60.7964601769912
"1276",60.1239669421488
"1368",42.6222222222222
"1457",40.408
"1482",45.8211382113821
"1491",36.9256756756757
"1500",56.9913043478261
"1509",77.5221238938053
"1518",67.7391304347826
"1527",38.7761194029851
"1285",56.5853658536585
"1293",73.5454545454545
"1302",78.90625
"1311",75.3407407407407
"1320",52.6984126984127
"1328",43.432
"1336",41.9489051094891
"1344",42.4242424242424
"1352",78.6397058823529
"1360",34.1269841269841
"1377",88.4642857142857
"1385",93.7586206896552
"1393",88.4955752212389
"1401",51.8428571428571
"1409",45.7481481481481
"1417",86.44
"1425",86.895652173913
"1433",41.9862068965517
"1441",91.5384615384615
"1449",70.719298245614
"1466",54.765625
"1474",47.4436090225564
"1536",55
"1624",52.5230769230769
"1712",58.3630136986301
"1728",50.4873949579832
"1736",40.787610619469
"1744",38.8456375838926
"1752",41.2615384615385
"1760",28.0413793103448
"1768",34.8818897637795
"1544",32.9612403100775
"1552",41.906976744186
"1560",41.2878787878788
"1568",42.1111111111111
"1576",47.2461538461538
"1584",74.2753623188406
"1592",77.046511627907
"1600",76.0230769230769
"1608",69.4453125
"1616",39
"1632",67.2142857142857
"1640",44.0944881889764
"1648",54.8905109489051
"1656",49.3461538461538
"1664",42.007874015748
"1672",34.992125984252
"1680",29.8384615384615
"1688",38.6308724832215
"1696",54.5942028985507
"1704",42.5639097744361
"1720",37.648
"1776",33.2481203007519
"1864",41.36
"1952",41.6412213740458
"1976",56.6015625
"1984",35.1803278688525
"1992",52.3191489361702
"2000",38.4959349593496
"2008",33.9435483870968
"2016",50.6893939393939
"1784",46.5328467153285
"1792",49.5138888888889
"1800",33.984126984127
"1808",31.1111111111111
"1816",38.0891719745223
"1824",52.04
"1832",48.9837398373984
"1840",36.52
"1848",45.4825174825175
"1856",45.456
"1872",28.7279411764706
"1880",32.0718954248366
"1888",27.688
"1896",24.2622950819672
"1904",31.7605633802817
"1912",41.7051282051282
"1920",54.5244755244755
"1928",31.7948717948718
"1936",42.5211267605634
"1944",50.7062937062937
"1960",44.2727272727273
"1968",34.9586206896552
"2024",33.1337579617834
"2112",35.36
"2199",50.7884615384615
"2215",50.188679245283
"2223",35.6535433070866
"2231",53.992
"2239",34.1917808219178
"2247",39.4810126582278
"2255",32.951048951049
"2032",49.9937106918239
"2040",60.038961038961
"2048",43.6444444444444
"2056",54.2452830188679
"2064",53.019801980198
"2072",60.1465517241379
"2080",53.4859813084112
"2088",67.3703703703704
"2096",51.7157894736842
"2104",49.1826923076923
"2120",54
"2128",47.5585585585586
"2136",58.5344827586207
"2144",59.375
"2151",64.6465517241379
"2159",71.0754716981132
"2167",70.3883495145631
"2175",79.2121212121212
"2183",50.1530612244898
"2191",62.1111111111111
"2207",62.4653465346535
"2263",49.0943396226415
"2351",66.4563106796116
"2439",36.5346534653465
"2461",28.2233009708738
"2469",52.5
"2477",41.8811881188119
"2485",29.5360824742268
"2493",72.4181818181818
"2501",60.0377358490566
"2271",59.6060606060606
"2279",58.018691588785
"2287",48.9611650485437
"2295",47.311320754717
"2303",36.3711340206186
"2311",47.1296296296296
"2319",46.2673267326733
"2327",45.0097087378641
"2335",36.1478260869565
"2343",37.8811881188119
"2359",42.4095238095238
"2367",30.5612244897959
"2375",50.2075471698113
"2383",54.6435643564356
"2391",46.1730769230769
"2399",33.2647058823529
"2407",58.6938775510204
"2415",59.8695652173913
"2423",46.9897959183673
"2431",65.8190476190476
"2446",55.4736842105263
"2453",60.5050505050505
"2509",51.5656565656566
"2597",35.8854166666667
"2685",38.5185185185185
"2709",51.8514851485149
"2717",40.027027027027
"2725",50.5436893203884
"2733",52.0952380952381
"2741",57.6635514018692
"2749",55.6296296296296
"2517",70.5267857142857
"2525",48.1919191919192
"2533",36.588785046729
"2541",47.6288659793814
"2549",44.504854368932
"2557",50.3535353535354
"2565",44.7857142857143
"2573",56.8684210526316
"2581",39.71
"2589",40.0740740740741
"2605",56.4285714285714
"2613",37.5825242718447
"2621",32.2
"2629",39.8571428571429
"2637",33.9380530973451
"2645",44.5894736842105
"2653",19.64
"2661",27.75
"2669",23.7087378640777
"2677",18.6057692307692
"2693",19.0961538461538
"2701",22.9607843137255
"2757",17.019801980198
"2843",13.0192307692308
"2931",12.6481481481481
"2947",8.6504854368932
"2955",11.2264150943396
"2963",11.74
"2971",22.743119266055
"2979",25.59
"2987",18.2019230769231
"2764",24.6770833333333
"2771",15.6836734693878
"2779",30.44
"2787",25.0388349514563
"2795",40.2641509433962
"2803",29.8712871287129
"2811",23.2376237623762
"2819",18.99
"2827",19.1836734693878
"2835",27.72
"2851",38.9509803921569
"2859",54.6785714285714
"2867",55.4271844660194
"2875",43.82
"2883",27.9705882352941
"2891",39.234693877551
"2899",43.5050505050505
"2907",46.5643564356436
"2915",70.5
"2923",51.8877551020408
"2939",50.5728155339806
"287",36.5377358490566
"375",17.3069306930693
"463",44.5754716981132
"487",51.7613636363636
"495",49.2727272727273
"503",60.4554455445545
"510",57.0833333333333
"518",83.7244897959184
"526",48.3125
"295",71.9285714285714
"303",104.010416666667
"311",72.5050505050505
"319",86.3297872340426
"327",94.7234042553192
"335",74.4623655913979
"343",43.0808080808081
"351",66.7604166666667
"359",71.9247311827957
"367",42.4736842105263
"383",74.2755102040816
"391",56.5894736842105
"399",50.0537634408602
"407",27.936170212766
"415",34.5104166666667
"423",38.4795918367347
"431",47.4166666666667
"439",55.3370786516854
"447",40.9387755102041
"455",25.9782608695652
"471",21.7640449438202
"479",19.25
"534",44.7105263157895
"622",55.6363636363636
"710",67.6521739130435
"726",65.5479452054795
"734",51.8550724637681
"742",43.8571428571429
"750",58.9473684210526
"758",58.2716049382716
"766",69.4705882352941
"542",78.2
"550",63.4942528735632
"558",59.4805194805195
"566",68.1566265060241
"574",63.75
"582",42.5
"590",63.9545454545455
"598",65.5696202531646
"606",41.6489361702128
"614",39.8
"630",41.4375
"638",33.5853658536585
"646",49.0493827160494
"654",48.8095238095238
"662",99.4666666666667
"670",112.5
"678",105
"686",80.1071428571429
"694",56.4285714285714
"702",65
"718",59.5294117647059
"774",47.4146341463415
"862",64.3218390804598
"950",42.5324675324675
"974",34.5641025641026
"982",40.7058823529412
"990",82.5333333333333
"998",57.8181818181818
"1006",63.2432432432432
"1014",41.2613636363636
"782",40.4054054054054
"790",23.527027027027
"798",38.5731707317073
"806",44.6103896103896
"814",60.3863636363636
"822",80.7848101265823
"830",55.8928571428571
"838",49.9324324324324
"846",35.1923076923077
"854",62.4683544303797
"870",61.85
"878",64.3604651162791
"886",32.5949367088608
"894",74.2168674698795
"902",81.0632911392405
"910",66.8505747126437
"918",69.0229885057471
"926",79.3103448275862
"934",60.1204819277108
"942",100.611764705882
"958",109.469879518072
"966",61.6292134831461
"9",77.9411764705882
"108",86.25
"207",82.4117647058823
"234",52.5744680851064
"243",124.934210526316
"252",91.6455696202532
"261",58.7142857142857
"270",66.9036144578313
"279",54.1
"18",86.8433734939759
"27",52.7471264367816
"36",50.0365853658537
"45",45.9333333333333
"54",37.3647058823529
"63",29.6
"72",57.8227848101266
"81",47.109756097561
"90",89.8823529411765
"99",97.875
"117",84.8539325842697
"126",31.302752293578
"135",28.9240506329114
"144",50.0657894736842
"153",62.3766233766234
"162",100.517647058824
"171",86.0897435897436
"180",78.0947368421053
"189",84.825
"198",66.8072289156626
"216",61.125
"225",60.5194805194805
"1023",43.1954022988506
"1122",88.9375
"1215",67.8488372093023
"1224",71.1111111111111
"1233",68.025
"1242",73.1392405063291
"1251",77.8205128205128
"1259",89.7065217391304
"1268",104.154761904762
"1032",73
"1041",70.6666666666667
"1050",75.5555555555556
"1059",74
"1068",66.9230769230769
"1077",101.228260869565
"1086",124.060975609756
"1095",127.816091954023
"1104",123.5
"1113",126.547619047619
"1131",127.75
"1140",67.5375
"1149",100.684782608696
"1158",107.469135802469
"1167",99.8526315789474
"1176",87.8666666666667
"1185",54.75
"1194",120.168674698795
"1203",91.4024390243902
"1206",90.3076923076923
"1277",108.109756097561
"1369",81.7096774193548
"1458",104.024390243902
"1483",47.7439024390244
"1492",59.0123456790123
"1501",88.7325581395349
"1510",84.5604395604396
"1519",96.2626262626263
"1528",76.0909090909091
"1286",99.5227272727273
"1294",72.7912087912088
"1303",83.6413043478261
"1312",38.7446808510638
